{
  "genres": [
    "blues",
    "classical",
    "country",
    "disco",
    "hiphop",
    "jazz",
    "metal",
    "pop",
    "reggae",
    "rock"
  ],
  "wasserstein_similarity": {
    "blues": {
      "blues": 1.0,
      "classical": 0.8773786141112738,
      "country": 0.9368765747759427,
      "disco": 0.9088012628010621,
      "hiphop": 0.8963372245921338,
      "jazz": 0.9140986166082761,
      "metal": 0.8648417232386546,
      "pop": 0.8656845491722235,
      "reggae": 0.9115568183841021,
      "rock": 0.9171698718259969
    },
    "classical": {
      "blues": 0.8773786141112738,
      "classical": 1.0,
      "country": 0.8837559143715407,
      "disco": 0.8606393498052771,
      "hiphop": 0.8488202668493148,
      "jazz": 0.9214871007807001,
      "metal": 0.8271346439148577,
      "pop": 0.8512744265409402,
      "reggae": 0.8750900377850762,
      "rock": 0.8663808684654172
    },
    "country": {
      "blues": 0.9368765747759427,
      "classical": 0.8837559143715407,
      "country": 1.0,
      "disco": 0.9150939307625425,
      "hiphop": 0.9023751751536513,
      "jazz": 0.9223929462758117,
      "metal": 0.8429140096994042,
      "pop": 0.8749104935054837,
      "reggae": 0.9199561716154703,
      "rock": 0.9204157151512745
    },
    "disco": {
      "blues": 0.9088012628010621,
      "classical": 0.8606393498052771,
      "country": 0.9150939307625425,
      "disco": 1.0,
      "hiphop": 0.9147865302002842,
      "jazz": 0.8998513349173152,
      "metal": 0.8811081065270577,
      "pop": 0.8792146058367343,
      "reggae": 0.9077433035741148,
      "rock": 0.9405900119876209
    },
    "hiphop": {
      "blues": 0.8963372245921338,
      "classical": 0.8488202668493148,
      "country": 0.9023751751536513,
      "disco": 0.9147865302002842,
      "hiphop": 1.0,
      "jazz": 0.8802348317193506,
      "metal": 0.8453530638654564,
      "pop": 0.9092907994800822,
      "reggae": 0.93787375863264,
      "rock": 0.8921539668418984
    },
    "jazz": {
      "blues": 0.9140986166082761,
      "classical": 0.9214871007807001,
      "country": 0.9223929462758117,
      "disco": 0.8998513349173152,
      "hiphop": 0.8802348317193506,
      "jazz": 1.0,
      "metal": 0.8607030615532428,
      "pop": 0.8672123556259604,
      "reggae": 0.899751854310834,
      "rock": 0.9116917149237239
    },
    "metal": {
      "blues": 0.8648417232386546,
      "classical": 0.8271346439148577,
      "country": 0.8429140096994042,
      "disco": 0.8811081065270577,
      "hiphop": 0.8453530638654564,
      "jazz": 0.8607030615532428,
      "metal": 1.0,
      "pop": 0.817601760877453,
      "reggae": 0.8371724092751631,
      "rock": 0.8977698880025154
    },
    "pop": {
      "blues": 0.8656845491722235,
      "classical": 0.8512744265409402,
      "country": 0.8749104935054837,
      "disco": 0.8792146058367343,
      "hiphop": 0.9092907994800822,
      "jazz": 0.8672123556259604,
      "metal": 0.817601760877453,
      "pop": 1.0,
      "reggae": 0.8996557757300565,
      "rock": 0.8579608735368174
    },
    "reggae": {
      "blues": 0.9115568183841021,
      "classical": 0.8750900377850762,
      "country": 0.9199561716154703,
      "disco": 0.9077433035741148,
      "hiphop": 0.93787375863264,
      "jazz": 0.899751854310834,
      "metal": 0.8371724092751631,
      "pop": 0.8996557757300565,
      "reggae": 1.0,
      "rock": 0.9017124122517898
    },
    "rock": {
      "blues": 0.9171698718259969,
      "classical": 0.8663808684654172,
      "country": 0.9204157151512745,
      "disco": 0.9405900119876209,
      "hiphop": 0.8921539668418984,
      "jazz": 0.9116917149237239,
      "metal": 0.8977698880025154,
      "pop": 0.8579608735368174,
      "reggae": 0.9017124122517898,
      "rock": 1.0
    }
  },
  "boundary_overlap": {
    "blues": {
      "blues": 1.0,
      "classical": 0.02,
      "country": 0.43,
      "disco": 0.08,
      "hiphop": 0.03,
      "jazz": 0.08,
      "metal": 0.08,
      "pop": 0.01,
      "reggae": 0.14,
      "rock": 0.13
    },
    "classical": {
      "blues": 0.0,
      "classical": 1.0,
      "country": 0.14,
      "disco": 0.01,
      "hiphop": 0.0,
      "jazz": 0.78,
      "metal": 0.0,
      "pop": 0.0,
      "reggae": 0.05,
      "rock": 0.02
    },
    "country": {
      "blues": 0.18,
      "classical": 0.03,
      "country": 1.0,
      "disco": 0.17,
      "hiphop": 0.03,
      "jazz": 0.06,
      "metal": 0.0,
      "pop": 0.09,
      "reggae": 0.17,
      "rock": 0.27
    },
    "disco": {
      "blues": 0.02,
      "classical": 0.01,
      "country": 0.17,
      "disco": 1.0,
      "hiphop": 0.12,
      "jazz": 0.01,
      "metal": 0.07,
      "pop": 0.15,
      "reggae": 0.11,
      "rock": 0.34
    },
    "hiphop": {
      "blues": 0.04,
      "classical": 0.0,
      "country": 0.04,
      "disco": 0.23,
      "hiphop": 1.0,
      "jazz": 0.0,
      "metal": 0.07,
      "pop": 0.26,
      "reggae": 0.28,
      "rock": 0.08
    },
    "jazz": {
      "blues": 0.13,
      "classical": 0.35,
      "country": 0.18,
      "disco": 0.08,
      "hiphop": 0.0,
      "jazz": 1.0,
      "metal": 0.0,
      "pop": 0.05,
      "reggae": 0.03,
      "rock": 0.18
    },
    "metal": {
      "blues": 0.13,
      "classical": 0.0,
      "country": 0.04,
      "disco": 0.25,
      "hiphop": 0.09,
      "jazz": 0.0,
      "metal": 1.0,
      "pop": 0.0,
      "reggae": 0.05,
      "rock": 0.44
    },
    "pop": {
      "blues": 0.02,
      "classical": 0.01,
      "country": 0.07,
      "disco": 0.34,
      "hiphop": 0.36,
      "jazz": 0.03,
      "metal": 0.0,
      "pop": 1.0,
      "reggae": 0.14,
      "rock": 0.03
    },
    "reggae": {
      "blues": 0.05,
      "classical": 0.01,
      "country": 0.21,
      "disco": 0.11,
      "hiphop": 0.38,
      "jazz": 0.01,
      "metal": 0.01,
      "pop": 0.14,
      "reggae": 1.0,
      "rock": 0.08
    },
    "rock": {
      "blues": 0.08,
      "classical": 0.0,
      "country": 0.27,
      "disco": 0.4,
      "hiphop": 0.03,
      "jazz": 0.04,
      "metal": 0.07,
      "pop": 0.04,
      "reggae": 0.07,
      "rock": 1.0
    }
  },
  "centroid_correlation": {
    "blues": {
      "blues": 1.0,
      "classical": 0.9982304718212858,
      "country": 0.9998448765320269,
      "disco": 0.996934291060263,
      "hiphop": 0.9944571967432051,
      "jazz": 0.999990075294061,
      "metal": 0.9962350952081424,
      "pop": 0.9931424548214833,
      "reggae": 0.9985922053581642,
      "rock": 0.9992240092000566
    },
    "classical": {
      "blues": 0.9982304718212858,
      "classical": 1.0,
      "country": 0.9985434104677381,
      "disco": 0.9957234272303003,
      "hiphop": 0.9931900224089091,
      "jazz": 0.998243950918939,
      "metal": 0.9960254620065349,
      "pop": 0.9915106378908812,
      "reggae": 0.9970208024558115,
      "rock": 0.9977652546044621
    },
    "country": {
      "blues": 0.9998448765320269,
      "classical": 0.9985434104677381,
      "country": 1.0,
      "disco": 0.9980731494333586,
      "hiphop": 0.9960142476011538,
      "jazz": 0.999768893119322,
      "metal": 0.9975826659691939,
      "pop": 0.9948401330546603,
      "reggae": 0.9992951322698547,
      "rock": 0.9997237937931529
    },
    "disco": {
      "blues": 0.9969342910602631,
      "classical": 0.9957234272303003,
      "country": 0.9980731494333585,
      "disco": 1.0,
      "hiphop": 0.9996278014219572,
      "jazz": 0.9965848645418934,
      "metal": 0.9998389417497915,
      "pop": 0.9991977582582741,
      "reggae": 0.9996727892935573,
      "rock": 0.9992419625549879
    },
    "hiphop": {
      "blues": 0.9944571967432051,
      "classical": 0.9931900224089091,
      "country": 0.9960142476011536,
      "disco": 0.9996278014219573,
      "hiphop": 1.0,
      "jazz": 0.9939870905966476,
      "metal": 0.9995787035620519,
      "pop": 0.999907030476036,
      "reggae": 0.9986327232154018,
      "rock": 0.997820043201052
    },